id,name,model_id:id,group_id:id,perm_read,perm_write,perm_create,perm_unlink
access_lcc_partner_numeric,lcc_lokavaluto_app_connection.lcc_partner_numeric,base.model_res_partner,base.group_portal,1,1,0,0
access_lcc_partner_backend.user,lcc_lokavaluto_app_connection.lcc_partner_backend.user,lcc_lokavaluto_app_connection.model_res_partner_backend,,1,0,0,0
access_lcc_partner_backend.account.manager,lcc_lokavaluto_app_connection.lcc_partner_backend.account_manager,lcc_lokavaluto_app_connection.model_res_partner_backend,lcc_lokavaluto_app_connection.group_wallet_accounts_manager,1,1,1,0
access_credit_request.user,lcc_lokavaluto_app_connection.credit_request.user,lcc_lokavaluto_app_connection.model_credit_request,,1,0,0,0
access_credit_request.full_manager,lcc_lokavaluto_app_connection.credit_request.full_manager,lcc_lokavaluto_app_connection.model_credit_request,lcc_lokavaluto_app_connection.group_wallet_full_manager,1,1,1,1
access_debit_request.user,lcc_lokavaluto_app_connection.debit_request.user,lcc_lokavaluto_app_connection.model_debit_request,,1,0,0,0
access_debit_request.full_manager,lcc_lokavaluto_app_connection.debit_request.full_manager,lcc_lokavaluto_app_connection.model_debit_request,lcc_lokavaluto_app_connection.group_wallet_full_manager,1,1,1,1
access_commission_rule.user,lcc_lokavaluto_app_connection.commission_rule.user,lcc_lokavaluto_app_connection.model_commission_rule,,1,0,0,0
access_commission_rule.full_manager,lcc_lokavaluto_app_connection.commission_rule.full_manager,lcc_lokavaluto_app_connection.model_commission_rule,lcc_lokavaluto_app_connection.group_wallet_full_manager,1,1,1,1
access_reconversion_rule.user,lcc_lokavaluto_app_connection.reconversion_rule.user,lcc_lokavaluto_app_connection.model_reconversion_rule,,1,0,0,0
access_reconversion_rule.full_manager,lcc_lokavaluto_app_connection.reconversion_rule.full_manager,lcc_lokavaluto_app_connection.model_reconversion_rule,lcc_lokavaluto_app_connection.group_wallet_full_manager,1,1,1,1
access_topup_rule.user,lcc_lokavaluto_app_connection.topup_rule.user,lcc_lokavaluto_app_connection.model_topup_rule,,1,0,0,0
access_topup_rule.full_manager,lcc_lokavaluto_app_connection.topup_rule.full_manager,lcc_lokavaluto_app_connection.model_topup_rule,lcc_lokavaluto_app_connection.group_wallet_full_manager,1,1,1,1
access_wallet_restriction_rule.user,lcc_lokavaluto_app_connection.wallet_restriction_rule.user,lcc_lokavaluto_app_connection.model_wallet_restriction_rule,,1,0,0,0
access_wallet_restriction_rule.full_manager,lcc_lokavaluto_app_connection.wallet_restriction_rule.full_manager,lcc_lokavaluto_app_connection.model_wallet_restriction_rule,lcc_lokavaluto_app_connection.group_wallet_full_manager,1,1,1,1
access_wallet_tag.user,lcc_lokavaluto_app_connection.wallet_tag.user,lcc_lokavaluto_app_connection.model_wallet_tag,,1,0,0,0
access_wallet_tag.full_manager,lcc_lokavaluto_app_connection.wallet_tag.full_manager,lcc_lokavaluto_app_connection.model_wallet_tag,lcc_lokavaluto_app_connection.group_wallet_full_manager,1,1,1,1
access_create_credit_request_wizard,lcc_lokavaluto_app_connection.create_credit_request_wizard.access,lcc_lokavaluto_app_connection.model_create_credit_request,lcc_lokavaluto_app_connection.group_wallet_accounts_manager,1,1,1,0
access_alt_currency.user,lcc_lokavaluto_app_connection.alt_currency.user,lcc_lokavaluto_app_connection.model_res_alt_currency,,1,0,0,0
access_alt_currency.full_manager,lcc_lokavaluto_app_connection.alt_currency.full_manager,lcc_lokavaluto_app_connection.model_res_alt_currency,lcc_lokavaluto_app_connection.group_wallet_full_manager,1,1,1,1
